{
  "custom.my_music": {
    "sounds": [
      {
        "name": "music/blast_processing_full",
        "stream": true,
        "volume": 0.8,
        "preload": false
      }
    ],
    "subtitle": "Blast Processing - Geometry Dash OST"
  },
  "custom.my_music": {
    "sounds": [
      {
        "name": "music/clutterfunk_full",
        "stream": true,
        "volume": 0.8,
        "preload": false
      }
    ],
    "subtitle": "Blast Processing - Geometry Dash OST"
  }
}